surnames,name,email
Pérez,Juan,juan.perez@gmail.com
González,María,maria.gonzalez@gmail.com
Rodríguez,Carlos,carlos.rodriguez@gmail.com
Martínez,Laura,laura.martinez@gmail.com
Sánchez,Roberto,roberto.sanchez@gmail.com
López,Ana,ana.lopez@gmail.com
Torres,Javier,javier.torres@gmail.com
Ramírez,Isabel,isabel.ramirez@gmail.com
Fernández,Alejandro,alejandro.fernandez@gmail.com
Díaz,Laura,laura.diaz@gmail.com
Silva,Andrés,andres.silva@gmail.com
López,Patricia,patricia.lopez@gmail.com
García,Ricardo,ricardo.garcia@gmail.com
Ruiz,Gabriela,gabriela.ruiz@gmail.com
Martínez,José,jose.martinez@gmail.com
Fernández,Marta,marta.fernandez@gmail.com
Díaz,Alejandro,alejandro.diaz@gmail.com
Herrera,Laura,laura.herrera@gmail.com
Sánchez,Javier,javier.sanchez@gmail.com
Gómez,Carolina,carolina.gomez@gmail.com
Ramírez,Sergio,sergio.ramirez@gmail.com
Martínez,Carolina,carolina.martinez@gmail.com
Gómez,Juan Carlos,juancarlos.gomez@gmail.com
Torres,Gabriela,gabriela.torres@gmail.com
López,Sebastián,sebastian.lopez@gmail.com
Rodríguez,Valeria,valeria.rodriguez@gmail.com
Martínez,José Luis,joseluis.martinez@gmail.com
Silva,Carolina,carolina.silva@gmail.com
González,Alejandro,alejandro.gonzalez@gmail.com
Sánchez,Laura,laura.sanchez@gmail.com
Herrera,Martín,martin.herrera@gmail.com
Rodríguez,Paola,paola.rodriguez@gmail.com
Díaz,Francisco,francisco.diaz@gmail.com
Martínez,Andrea,andrea.martinez@gmail.com
Fernández,Luisa,luisa.fernandez@gmail.com
Sánchez,Ricardo,ricardo.sanchez@gmail.com
Gómez,Valentina,valentina.gomez@gmail.com
Torres,Eduardo,eduardo.torres@gmail.com
Martínez,Sofía,sofia.martinez@gmail.com
Ramírez,Alejandro,alejandro.ramirez@gmail.com
Gutiérrez,Daniela,daniela.gutierrez@gmail.com
López,Guillermo,guillermo.lopez@gmail.com
Ramírez,María José,mariajose.ramirez@gmail.com
Sánchez,Francisco,francisco.sanchez@gmail.com
González,Valeria,valeria.gonzalez@gmail.com
Martínez,Javier,javier.martinez@gmail.com
Díaz,Adriana,adriana.diaz@gmail.com
Torres,Alejandro,alejandro.torres@gmail.com
Fernández,Carla,carla.fernandez@gmail.com
Gómez,Manuel,manuel.gomez@gmail.com
Díaz,Roberto,roberto.diaz@gmail.com
Ruiz,Ana Sofía,anasofia.ruiz@gmail.com
Ramírez,Diego,diego.ramirez@gmail.com
López,Gabriela,gabriela.lopez@gmail.com
Gómez,Martín,martin.gomez@gmail.com
Ramírez,Carolina,carolina.ramirez@gmail.com
Hernández,Javier,javier.hernandez@gmail.com
Martínez,Valentina,valentina.martinez@gmail.com
Hernández,Alejandro,alejandro.hernandez@gmail.com
Gutiérrez,María José,mariajose.gutierrez@gmail.com
Sánchez,Andrea,andrea.sanchez@gmail.com
Ramírez,Sebastián,sebastian.ramirez@gmail.com
Hernández,Sofía,sofia.hernandez@gmail.com
López,Carlos,carlos.lopez@gmail.com
Hernández,Valentina,valentina.hernandez@gmail.com
Díaz,Andrés,andres.diaz@gmail.com
Torres,Carolina,carolina.torres@gmail.com
Martínez,Eduardo,eduardo.martinez@gmail.com
García,Daniela,daniela.garcia@gmail.com
Martínez,Juan,juan.martinez@gmail.com
Fernández,María,maria.fernandez@gmail.com
Gómez,Roberto,roberto.gomez@gmail.com
Díaz,Valeria,valeria.diaz@gmail.com
Martínez,Francisco,francisco.martinez@gmail.com
Torres,Ana,ana.torres@gmail.com
Gutiérrez,Diego,diego.gutierrez@gmail.com
Díaz,Carolina,carolina.diaz@gmail.com
Herrera,Alejandro,alejandro.herrera@gmail.com
Hernández,Laura,laura.hernandez@gmail.com
Torres,José,jose.torres@gmail.com
Díaz,Marta,marta.diaz@gmail.com
Gómez,Santiago,santiago.gomez@gmail.com
Ramírez,Valentina,valentina.ramirez@gmail.com
Gutiérrez,Eduardo,eduardo.gutierrez@gmail.com
Torres,Sofía,sofia.torres@gmail.com
Díaz,Javier,javier.diaz@gmail.com
Martínez,Gabriela,gabriela.martinez@gmail.com
Ruiz,Alejandro,alejandro.ruiz@gmail.com
Gómez,Martina,martina.gomez@gmail.com
Herrera,Andrés,andres.herrera@gmail.com
Fernández,Diego,diego.fernandez@gmail.com
Hernández,Carolina,carolina.hernandez@gmail.com
Fernández,Javier,javier.fernandez@gmail.com
Díaz,Valentina,valentina.diaz@gmail.com
Hernández,Eduardo,eduardo.hernandez@gmail.com
Gutiérrez,Marta,marta.gutierrez@gmail.com
Martínez,Alejandro,alejandro.martinez@gmail.com
Díaz,Sofía,sofia.diaz@gmail.com
Gómez,Carlos,carlos.gomez@gmail.com
Torres,Valeria,valeria.torres@gmail.com